{"cameraMode":{"drawMode":0,"name":"Shaded","section":"Shading Mode"},"sceneLighting":true,"audioPlay":false,"sceneViewState":{"showFog":true,"showMaterialUpdate":false,"showSkybox":true,"showFlares":true,"showImageEffects":true,"showParticleSystems":true,"showVisualEffectGraphs":true,"m_FxEnabled":true},"in2DMode":false,"pivot":{"x":39.47490310668945,"y":101.781982421875,"z":2.1466550827026369},"rotation":{"x":0.004499158822000027,"y":0.019498635083436967,"z":-0.00008772451838012785,"w":0.999800980091095},"size":108.51353454589844,"orthographic":true}