{"cameraMode":{"drawMode":0,"name":"Shaded","section":"Shading Mode"},"sceneLighting":true,"audioPlay":false,"sceneViewState":{"showFog":true,"showMaterialUpdate":false,"showSkybox":true,"showFlares":true,"showImageEffects":true,"showParticleSystems":true,"showVisualEffectGraphs":true,"m_FxEnabled":true},"in2DMode":false,"pivot":{"x":-0.5482772588729858,"y":0.19138582050800324,"z":0.6675328016281128},"rotation":{"x":-0.007500245235860348,"y":-0.004500723443925381,"z":-0.00003920997187378816,"w":0.9999772310256958},"size":3.4962642192840578,"orthographic":true}