{"cameraMode":{"drawMode":2,"name":"Shaded Wireframe","section":"Shading Mode"},"sceneLighting":true,"audioPlay":false,"sceneViewState":{"showFog":true,"showMaterialUpdate":false,"showSkybox":true,"showFlares":true,"showImageEffects":true,"showParticleSystems":true,"showVisualEffectGraphs":true,"m_FxEnabled":true},"in2DMode":false,"pivot":{"x":-0.08144819736480713,"y":-0.2279033064842224,"z":0.20167231559753419},"rotation":{"x":-0.0004633281787391752,"y":0.37788334488868716,"z":0.00018895049288403243,"w":0.9258778095245361},"size":11.58069133758545,"orthographic":true}