{"cameraMode":{"drawMode":0,"name":"Shaded","section":"Shading Mode"},"sceneLighting":true,"audioPlay":false,"sceneViewState":{"showFog":true,"showMaterialUpdate":false,"showSkybox":true,"showFlares":true,"showImageEffects":true,"showParticleSystems":true,"showVisualEffectGraphs":true,"m_FxEnabled":true},"in2DMode":false,"pivot":{"x":-0.17429566383361817,"y":-1.5649631023406983,"z":0.6469720602035523},"rotation":{"x":-0.007500245235860348,"y":-0.004500723443925381,"z":-0.00003920997187378816,"w":0.9999772310256958},"size":42.101985931396487,"orthographic":true}