{"cameraMode":{"drawMode":0,"name":"Shaded","section":"Shading Mode"},"sceneLighting":true,"audioPlay":false,"sceneViewState":{"showFog":true,"showMaterialUpdate":false,"showSkybox":true,"showFlares":true,"showImageEffects":true,"showParticleSystems":true,"showVisualEffectGraphs":true,"m_FxEnabled":true},"in2DMode":false,"pivot":{"x":0.03542756289243698,"y":0.4688783288002014,"z":0.003221869468688965},"rotation":{"x":-0.0014968120958656073,"y":0.06445537507534027,"z":0.00009639924246584997,"w":0.9979238510131836},"size":3.8905279636383058,"orthographic":true}