{"cameraMode":{"drawMode":0,"name":"Shaded","section":"Shading Mode"},"sceneLighting":true,"audioPlay":false,"sceneViewState":{"showFog":true,"showMaterialUpdate":false,"showSkybox":true,"showFlares":true,"showImageEffects":true,"showParticleSystems":true,"showVisualEffectGraphs":true,"m_FxEnabled":true},"in2DMode":false,"pivot":{"x":9.426811218261719,"y":10.007482528686524,"z":1.3691061735153199},"rotation":{"x":0.004499158822000027,"y":0.019498635083436967,"z":-0.00008772451838012785,"w":0.999800980091095},"size":11.699588775634766,"orthographic":true}