{"cameraMode":{"drawMode":2,"name":"Shaded Wireframe","section":"Shading Mode"},"sceneLighting":true,"audioPlay":false,"sceneViewState":{"showFog":true,"showMaterialUpdate":false,"showSkybox":true,"showFlares":true,"showImageEffects":true,"showParticleSystems":true,"showVisualEffectGraphs":true,"m_FxEnabled":true},"in2DMode":false,"pivot":{"x":-0.9880354404449463,"y":-0.18192410469055177,"z":-1.5427675247192383},"rotation":{"x":0.037169262766838077,"y":0.13053621351718903,"z":-0.004905530251562595,"w":0.9907520413398743},"size":5.847296714782715,"orthographic":true}