{"cameraMode":{"drawMode":0,"name":"Shaded","section":"Shading Mode"},"sceneLighting":true,"audioPlay":false,"sceneViewState":{"showFog":true,"showMaterialUpdate":false,"showSkybox":true,"showFlares":true,"showImageEffects":true,"showParticleSystems":true,"showVisualEffectGraphs":true,"m_FxEnabled":true},"in2DMode":false,"pivot":{"x":0.054936643689870837,"y":0.008516471832990647,"z":0.6822295784950256},"rotation":{"x":0.18370267748832704,"y":-0.43885043263435366,"z":0.09216227382421494,"w":0.8747413158416748},"size":1.1605224609375,"orthographic":true}