{"cameraMode":{"drawMode":0,"name":"Shaded","section":"Shading Mode"},"sceneLighting":true,"audioPlay":false,"sceneViewState":{"showFog":true,"showMaterialUpdate":false,"showSkybox":true,"showFlares":true,"showImageEffects":true,"showParticleSystems":true,"showVisualEffectGraphs":true,"m_FxEnabled":true},"in2DMode":false,"pivot":{"x":112.38228607177735,"y":29.92667007446289,"z":108.41569519042969},"rotation":{"x":0.16069455444812776,"y":0.7794186472892761,"z":-0.22235026955604554,"w":0.5632815361022949},"size":14.179522514343262,"orthographic":true}